INSERT INTO member (id, created_date, curriculum, email, name, nickname, password, modified_date, role, userid) VALUES (1, '2023-05-17 16:54:04.593788', 'qwer', 'suub13@qwer', '유수빈', 'Amelia', '$2a$10$9KexgHrV.lFGxIonm8Q7yuwvEfwMeoi2YSo.uYznryT1Kypoa/tMG', '2023-05-17 16:54:04.593788', 'USER', 'suub13');
INSERT INTO member (id, created_date, curriculum, email, name, nickname, password, modified_date, role, userid) VALUES (2, '2023-05-17 16:54:04.593788', 'qwer', 'mandoo1229@qwer', '남민우', 'Donald', '$2a$10$9KexgHrV.lFGxIonm8Q7yuwvEfwMeoi2YSo.uYznryT1Kypoa/tMG', '2023-05-17 16:54:04.593788', 'USER', 'mandoo1229');
INSERT INTO member (id, created_date, curriculum, email, name, nickname, password, modified_date, role, userid) VALUES (3, '2023-05-17 16:54:04.593788', 'qwer', 'KKYHH@qwer', '김용호', 'Nicolas', '$2a$10$9KexgHrV.lFGxIonm8Q7yuwvEfwMeoi2YSo.uYznryT1Kypoa/tMG', '2023-05-17 16:54:04.593788', 'USER', 'KKYHH');
INSERT INTO member (id, created_date, curriculum, email, name, nickname, password, modified_date, role, userid) VALUES (4, '2023-05-17 16:54:04.593788', 'qwer', 'moneyless1989@qwer', '권광일', 'Richard', '$2a$10$9KexgHrV.lFGxIonm8Q7yuwvEfwMeoi2YSo.uYznryT1Kypoa/tMG', '2023-05-17 16:54:04.593788', 'USER', 'moneyless1989');
INSERT INTO member (id, created_date, curriculum, email, name, nickname, password, modified_date, role, userid) VALUES (5, '2023-05-17 16:54:04.593788', 'qwer', 'jaynamm@qwer', '남정현', 'Jay', '$2a$10$9KexgHrV.lFGxIonm8Q7yuwvEfwMeoi2YSo.uYznryT1Kypoa/tMG', '2023-05-17 16:54:04.593788', 'USER', 'jaynamm');
INSERT INTO member (id, created_date, curriculum, email, name, nickname, password, modified_date, role, userid) VALUES (6, '2023-05-17 16:54:04.593788', 'qwer', 'Heeju23@qwer', '김희주', 'Judy', '$2a$10$9KexgHrV.lFGxIonm8Q7yuwvEfwMeoi2YSo.uYznryT1Kypoa/tMG', '2023-05-17 16:54:04.593788', 'USER', 'Heeju23');
INSERT INTO member (id, created_date, curriculum, email, name, nickname, password, modified_date, role, userid) VALUES (7, '2023-05-17 16:54:04.593788', 'qwer', 'qwer@qwer', '테스트유저', 'qwer', '$2a$10$9KexgHrV.lFGxIonm8Q7yuwvEfwMeoi2YSo.uYznryT1Kypoa/tMG', '2023-05-17 16:54:04.593788', 'USER', 'qwer');
INSERT INTO member (id, created_date, curriculum, email, name, nickname, password, modified_date, role, userid) VALUES (8, '2023-05-17 16:54:04.593788', 'qwer', 'admin@qwer', '테스트운영자', 'admin', '$2a$10$9KexgHrV.lFGxIonm8Q7yuwvEfwMeoi2YSo.uYznryT1Kypoa/tMG', '2023-05-17 16:54:04.593788', 'ADMIN', 'admin');

INSERT INTO feed (content, created_date, like_count, member_id, modified_date, view_count) VALUES ('오늘은 비 오는 날에 영화 보기 좋을 것 같아요', '2023-04-02T12:45:20.157781', 0, 2, '2023-04-02T12:45:20.157781', 0);
INSERT INTO feed (content, created_date, like_count, member_id, modified_date, view_count) VALUES ('나 오늘 버거킹 불고기 와퍼 먹을 예정', '2023-04-05T14:37:22.116961', 0, 4, '2023-04-05T14:37:22.116961', 0);
INSERT INTO feed (content, created_date, like_count, member_id, modified_date, view_count) VALUES ('오늘은 산책하면서 가을 풍경 감상', '2023-04-07T17:58:32.805491', 0, 3, '2023-04-07T17:58:32.805491', 0);
INSERT INTO feed (content, created_date, like_count, member_id, modified_date, view_count) VALUES ('나는 오늘 마카롱을 먹을 예정!', '2023-04-09T20:48:08.206456', 0, 5, '2023-04-09T20:48:08.206456', 0);
INSERT INTO feed (content, created_date, like_count, member_id, modified_date, view_count) VALUES ('오늘은 요리 대결을 할 예정입니다!', '2023-04-12T21:07:23.633895', 0, 1, '2023-04-12T21:07:23.633895', 0);
INSERT INTO feed (content, created_date, like_count, member_id, modified_date, view_count) VALUES ('나는 요즘 여행 계획을 세우고 있어요!', '2023-04-14T11:25:44.118762', 0, 3, '2023-04-14T11:25:44.118762', 0);
INSERT INTO feed (content, created_date, like_count, member_id, modified_date, view_count) VALUES ('오늘은 운동을 시작하는 첫날!', '2023-04-15T22:10:47.348104', 0, 4, '2023-04-15T22:10:47.348104', 0);
INSERT INTO feed (content, created_date, like_count, member_id, modified_date, view_count) VALUES ('오늘은 쇼핑을 하러 갈 예정!', '2023-04-18T06:47:33.909284', 0, 3, '2023-04-18T06:47:33.909284', 0);
INSERT INTO feed (content, created_date, like_count, member_id, modified_date, view_count) VALUES ('바다에서 수영하는데 너무 즐거워요!', '2023-04-20T18:49:11.201505', 0, 6, '2023-04-20T18:49:11.201505', 0);
INSERT INTO feed (content, created_date, like_count, member_id, modified_date, view_count) VALUES ('맛있는 디저트 먹으러 카페 갈 예정!', '2023-04-24T08:30:18.190837', 0, 6, '2023-04-24T08:30:18.190837', 0);
INSERT INTO feed (content, created_date, like_count, member_id, modified_date, view_count) VALUES ('오늘은 쇼핑을 하기 위해 쇼핑몰에 갈 예정!', '2023-05-03T17:55:51.776019', 0, 3, '2023-05-03T17:55:51.776019', 0);
INSERT INTO feed (content, created_date, like_count, member_id, modified_date, view_count) VALUES ('나 오늘 영화관에서 최신 영화 보기로 했어요!', '2023-05-06T02:29:49.703495', 0, 1, '2023-05-06T02:29:49.703495', 0);
INSERT INTO feed (content, created_date, like_count, member_id, modified_date, view_count) VALUES ('나 오늘은 새로운 공원에서 피크닉 예정!', '2023-05-09T05:22:56.994162', 0, 6, '2023-05-09T05:22:56.994162', 0);
INSERT INTO feed (content, created_date, like_count, member_id, modified_date, view_count) VALUES ('오늘은 친구들과 카페에서 수다떨기', '2023-05-11T07:12:34.721951', 0, 1, '2023-05-11T07:12:34.721951', 0);
INSERT INTO feed (content, created_date, like_count, member_id, modified_date, view_count) VALUES ('오늘은 축구 경기를 보러 갈 예정!', '2023-05-14T19:45:01.621291', 0, 1, '2023-05-14T19:45:01.621291', 0);
INSERT INTO feed (content, created_date, like_count, member_id, modified_date, view_count) VALUES ('오늘은 비 오는 날 독서하기 좋은 날씨', '2023-05-16T20:01:01.389201', 0, 2, '2023-05-16T20:01:01.389201', 0);
INSERT INTO feed (content, created_date, like_count, member_id, modified_date, view_count) VALUES ('나 오늘은 디저트 카페에서 맛있는 디저트 먹을 예정!', '2023-05-18T17:53:33.724735', 0, 3, '2023-05-18T17:53:33.724735', 0);
INSERT INTO feed (content, created_date, like_count, member_id, modified_date, view_count) VALUES ('나 오늘 버거킹 불고기 와퍼 먹을 예정', '2023-05-18T19:27:41.487261', 0, 1, '2023-05-18T19:27:41.487261', 0);
INSERT INTO feed (content, created_date, like_count, member_id, modified_date, view_count) VALUES ('아 배고파 그래서 오점뭐?', '2023-05-18T19:27:41.487261', 0, 2, '2023-05-18T19:27:41.487261', 0);
INSERT INTO feed (content, created_date, like_count, member_id, modified_date, view_count) VALUES ('오늘 맥주 먹을 사람? 고량주 ㄱ?', '2023-05-18T19:27:41.487261', 0, 3, '2023-05-18T19:27:41.487261', 0);
INSERT INTO feed (content, created_date, like_count, member_id, modified_date, view_count) VALUES ('이클립스나 멘토스 혹시 더 있나요?', '2023-05-18T19:27:41.487261', 0, 4, '2023-05-18T19:27:41.487261', 0);
INSERT INTO feed (content, created_date, like_count, member_id, modified_date, view_count) VALUES ('나 오늘 영화 보러 갈 예정!', '2023-05-23T04:35:09.279782', 0, 4, '2023-05-23T04:35:09.279782', 0);
INSERT INTO feed (content, created_date, like_count, member_id, modified_date, view_count) VALUES ('오늘은 운동을 시작하는 첫 날!', '2023-05-26T10:10:14.279074', 0, 3, '2023-05-26T10:10:14.279074', 0);
INSERT INTO feed (content, created_date, like_count, member_id, modified_date, view_count) VALUES ('오늘은 공원에서 피크닉!', '2023-05-29T23:50:17.873732', 0, 3, '2023-05-29T23:50:17.873732', 0);
INSERT INTO feed (content, created_date, like_count, member_id, modified_date, view_count) VALUES ('나는 여행 계획을 세우는 중이에요!', '2023-05-31T10:33:49.914042', 0, 5, '2023-05-31T10:33:49.914042', 0);
INSERT INTO feed (content, created_date, like_count, member_id, modified_date, view_count) VALUES ('나 오늘은 외식으로 마카롱을 먹을 예정!', '2023-06-04T11:52:27.491034', 0, 5, '2023-06-04T11:52:27.491034', 0);
INSERT INTO feed (content, created_date, like_count, member_id, modified_date, view_count) VALUES ('오늘은 하루종일 영화 마라톤 예정이에요!', '2023-06-07T09:18:56.950125', 0, 2, '2023-06-07T09:18:56.950125', 0);
INSERT INTO feed (content, created_date, like_count, member_id, modified_date, view_count) VALUES ('오늘은 친구들과 약속이 있어요!', '2023-06-10T11:25:56.982587', 0, 2, '2023-06-10T11:25:56.982587', 0);
INSERT INTO feed (content, created_date, like_count, member_id, modified_date, view_count) VALUES ('오늘은 가족과 함께 맛있는 저녁식사!', '2023-06-12T13:42:23.677552', 0, 1, '2023-06-12T13:42:23.677552', 0);
INSERT INTO feed (content, created_date, like_count, member_id, modified_date, view_count) VALUES ('오늘은 축구 경기를 보러 갈 예정!', '2023-06-13T09:05:22.543629', 0, 1, '2023-06-13T09:05:22.543629', 0);
INSERT INTO feed (content, created_date, like_count, member_id, modified_date, view_count) VALUES ('오늘은 날씨가 좋아서 산에 등산을 갈 예정!', '2023-06-17T15:59:42.778992', 0, 2, '2023-06-17T15:59:42.778992', 0);
INSERT INTO feed (content, created_date, like_count, member_id, modified_date, view_count) VALUES ('오늘은 운동을 열심히 할 예정입니다!', '2023-06-20T08:05:39.661012', 0, 4, '2023-06-20T08:05:39.661012', 0);
INSERT INTO feed (content, created_date, like_count, member_id, modified_date, view_count) VALUES ('오늘은 산책을 하면서 가을 풍경 감상하기', '2023-06-21T12:57:04.080289', 0, 6, '2023-06-21T12:57:04.080289', 0);
INSERT INTO feed (content, created_date, like_count, member_id, modified_date, view_count) VALUES ('오늘은 가족과 함께 점심식사!', '2023-06-24T08:15:31.603948', 0, 3, '2023-06-24T08:15:31.603948', 0);
INSERT INTO feed (content, created_date, like_count, member_id, modified_date, view_count) VALUES ('오늘은 친구들과 모임이 있어요!', '2023-06-27T21:15:54.521203', 0, 4, '2023-06-27T21:15:54.521203', 0);
INSERT INTO feed (content, created_date, like_count, member_id, modified_date, view_count) VALUES ('오늘은 영화 마라톤을 열 예정!', '2023-06-29T18:36:14.208459', 0, 4, '2023-06-29T18:36:14.208459', 0);
INSERT INTO feed (content, created_date, like_count, member_id, modified_date, view_count) VALUES ('오늘은 새로운 레시피로 요리 도전!', '2023-06-30T16:20:57.992564', 0, 5, '2023-06-30T16:20:57.992564', 0);

insert into notice(title, content, created_date, modified_date, member_id) values ('[안내] 캠퍼스 이전 관련 공지입니다.', '현재 운영 중인 독산 캠퍼스를 수원으로 이전하게 되었습니다.', 20230512120122, 20230512120122, 8);
insert into notice(title, content, created_date, modified_date, member_id) values ('[긴급] 교재 수령 안내', '21기 수강생 여러분들은 빠른 시일 내에 교재를 받지 않으면 큰일이 납니다.', 20230516200134, 20230516200134, 8);
insert into notice(title, content, created_date, modified_date, member_id) values ('[안내] 캠퍼스 휴무일 공지', '독산 캠퍼스는 매주 월요일 쉬기로 결정했습니다.', 20230518091726, 20230518091726, 8);
insert into notice(title, content, created_date, modified_date, member_id) values ('[자격증] 정보처리기사 접수 일정 ', '접수일정: 2023.06.17.(월) 10:00 ~ 2023.06.20.(목) 18:00', 20230518151726, 20230518151726, 8);
insert into notice(title, content, created_date, modified_date, member_id) values ('[신청]  LET\'S PLAY 현직자 Session 사전조사 ', '의견을 반영하고자 사전 설문조사를 진행하고자 하니 사전조사 설문에 참여해주십시오.', 20230518224202, 20230518224202, 8);
insert into notice(title, content, created_date, modified_date, member_id) values ('[안내] 온라인 강의 접속 방법 안내', '온라인 강의 접속에 어려움을 겪으신다면 문의해주세요.', '2023-05-23 13:57:11', '2023-05-23 13:57:11', 8);
insert into notice(title, content, created_date, modified_date, member_id) values ('[긴급] 시스템 점검 안내', '서버 점검으로 인해 일시적으로 사이트 접속이 불가능할 수 있습니다.', '2023-05-24 09:28:06', '2023-05-24 09:28:06', 8);
insert into notice(title, content, created_date, modified_date, member_id) values ('[안내] 8월 휴강일 변경 안내', '8월 5일(토) 강의가 취소되어 대체로 휴강일이 변경됩니다.', '2023-05-26 16:02:39', '2023-05-26 16:02:39', 8);
insert into notice(title, content, created_date, modified_date, member_id) values ('[공지] 중간고사 일정 변경 안내', '중간고사 일정이 6월 15일로 변경되었음을 알려드립니다.', '2023-05-29 10:45:18', '2023-05-29 10:45:18', 8);
insert into notice(title, content, created_date, modified_date, member_id) values ('[안내] 성적발표일 변경 안내', '성적발표일이 7월 5일로 변경되었음을 알려드립니다.', '2023-05-31 15:18:56', '2023-05-31 15:18:56', 8);
insert into notice(title, content, created_date, modified_date, member_id) values ('[안내] 개강일 변경 안내', '9월 3일로 개강일이 변경되었음을 알려드립니다.', '2023-06-02 09:50:24', '2023-06-02 09:50:24', 8);
insert into notice(title, content, created_date, modified_date, member_id) values ('[긴급] 시험 장소 변경 안내', '6월 17일 모의고사 시험 장소가 대전으로 변경되었습니다.', '2023-06-03 18:35:12', '2023-06-03 18:35:12', 8);
insert into notice(title, content, created_date, modified_date, member_id) values ('[안내] 자격증 시험 장소 안내', '정보처리기사 시험 장소 안내드립니다.', '2023-06-05 12:20:47', '2023-06-05 12:20:47', 8);
insert into notice(title, content, created_date, modified_date, member_id) values ('[안내] 대면 수업 재개 안내', '대면 수업이 6월 10일부터 정상적으로 재개됩니다.', '2023-06-06 09:07:33', '2023-06-06 09:07:33', 8);
insert into notice(title, content, created_date, modified_date, member_id) values ('[안내] 시험 일정 변경 안내', '기말고사 일정이 7월 12일로 변경되었음을 알려드립니다.', '2023-06-07 14:50:58', '2023-06-07 14:50:58', 8);
insert into notice(title, content, created_date, modified_date, member_id) values ('[신청] 서포터즈 모집 안내', '21기 서포터즈 모집을 시작합니다. 관심있는 분들은 신청해주세요.', '2023-06-08 17:29:41', '2023-06-08 17:29:41', 8);
insert into notice(title, content, created_date, modified_date, member_id) values ('[안내] 교육 수료식 일정 안내', '교육 수료식은 7월 15일에 진행될 예정입니다.', '2023-06-10 11:58:26', '2023-06-10 11:58:26', 8);
insert into notice(title, content, created_date, modified_date, member_id) values ('[공지] 합격자 발표 일정 안내', '합격자 발표는 7월 20일에 공지될 예정입니다.', '2023-06-12 15:40:19', '2023-06-12 15:40:19', 8);
insert into notice(title, content, created_date, modified_date, member_id) values ('[안내] 졸업식 일정 안내', '졸업식은 8월 2일에 진행될 예정입니다.', '2023-06-15 08:57:34', '2023-06-15 08:57:34', 8);
insert into notice(title, content, created_date, modified_date, member_id) values ('[안내] 캠퍼스 이전 안내', '10월부터 운영 지점이 안산으로 이전됩니다.', '2023-06-18 13:22:09', '2023-06-18 13:22:09', 8);
insert into notice(title, content, created_date, modified_date, member_id) values ('[긴급] 강의 취소 안내', '오늘 예정된 강의가 갑자기 취소되었습니다.', '2023-06-20 16:50:27', '2023-06-20 16:50:27', 8);
insert into notice(title, content, created_date, modified_date, member_id) values ('[안내] 세미나 개최 안내', '7월 28일에 데이터 분석 세미나가 개최될 예정입니다.', '2023-06-22 09:12:15', '2023-06-22 09:12:15', 8);
insert into notice(title, content, created_date, modified_date, member_id) values ('[신청] 인턴십 참가 신청 안내', '8월부터 진행되는 인턴십에 참가하고자 하는 분들은 신청해주세요.', '2023-06-25 14:35:08', '2023-06-25 14:35:08', 8);
insert into notice(title, content, created_date, modified_date, member_id) values ('[안내] 수강신청 안내', '다음 학기 수강신청 기간은 7월 5일부터 7월 10일입니다.', '2023-06-28 11:19:56', '2023-06-28 11:19:56', 8);
insert into notice(title, content, created_date, modified_date, member_id) values ('[안내] 캠퍼스 이전 일정 변경 안내', '캠퍼스 이전 일정이 10월 15일로 변경되었습니다.', '2023-06-30 09:42:33', '2023-06-30 09:42:33', 8);
insert into notice(title, content, created_date, modified_date, member_id) values ('[공지] 인증서 발급 안내', '인증서 발급 신청은 7월 8일까지 가능합니다.', '2023-07-02 13:55:21', '2023-07-02 13:55:21', 8);
insert into notice(title, content, created_date, modified_date, member_id) values ('[안내] 수업 시간 변경 안내', '일부 수업 시간이 7월부터 변경되었음을 알려드립니다.', '2023-07-04 16:20:48', '2023-07-04 16:20:48', 8);
insert into notice(title, content, created_date, modified_date, member_id) values ('[긴급] 사무실 이전 안내', '사무실 이전으로 인해 일시적으로 연락이 어려울 수 있습니다.', '2023-07-06 10:39:12', '2023-07-06 10:39:12', 8);
insert into notice(title, content, created_date, modified_date, member_id) values ('[안내] 장학금 신청 안내', '장학금 신청 기간은 7월 10일까지입니다.', '2023-07-08 14:02:37', '2023-07-08 14:02:37', 8);
insert into notice(title, content, created_date, modified_date, member_id) values ('[안내] 수료증 발급 안내', '수료증 발급은 7월 15일부터 가능합니다.', '2023-07-10 11:51:04', '2023-07-10 11:51:04', 8);
insert into notice(title, content, created_date, modified_date, member_id) values ('[안내] 본 공지는 ChatGPT로 작성되었습니다', '모든 공지는 사실이 아닌 허구임을 알려드립니다.', '2023-07-10 16:51:04', '2023-07-10 16:51:04', 8);

INSERT INTO comment (id, content, created_date, member_id, modified_date, feed_id) VALUES (1, '댓글 내용', '2023-05-17 19:37:35.890895', 1, '2023-05-17 19:37:35.890895', 1);
INSERT INTO comment (id, content, created_date, member_id, modified_date, feed_id) VALUES (2, '올 때 메로나', '2023-05-17 19:37:36.881436', 2, '2023-05-17 19:37:36.881436', 1);
INSERT INTO comment (id, content, created_date, member_id, modified_date, feed_id) VALUES (3, '그게 들어감?', '2023-05-17 19:37:38.571587', 3, '2023-05-17 19:37:38.571587', 1);
INSERT INTO comment (id, content, created_date, member_id, modified_date, feed_id) VALUES (4, '난 피자가 싫어', '2023-05-17 19:37:37.770748', 4, '2023-05-17 19:37:37.770748', 1);
INSERT INTO comment (id, content, created_date, modified_date, feed_id, member_id) VALUES (5, '1', '2023-07-12 17:09:02.265655', '2023-07-12 17:09:02.265655', 36, 1);
INSERT INTO comment (id, content, created_date, modified_date, feed_id, member_id) VALUES (6, '2', '2023-07-12 17:09:04.540116', '2023-07-12 17:09:04.540116', 36, 1);
INSERT INTO comment (id, content, created_date, modified_date, feed_id, member_id) VALUES (7, '3', '2023-07-12 17:09:07.140100', '2023-07-12 17:09:07.140100', 36, 1);
INSERT INTO comment (id, content, created_date, modified_date, feed_id, member_id) VALUES (8, '4', '2023-07-12 17:09:09.047255', '2023-07-12 17:09:09.047255', 36, 1);
INSERT INTO comment (id, content, created_date, modified_date, feed_id, member_id) VALUES (9, '5', '2023-07-12 17:09:11.361829', '2023-07-12 17:09:11.361829', 36, 1);
INSERT INTO comment (id, content, created_date, modified_date, feed_id, member_id) VALUES (10, '6', '2023-07-12 17:09:13.530102', '2023-07-12 17:09:13.530102', 36, 1);
INSERT INTO comment (id, content, created_date, modified_date, feed_id, member_id) VALUES (11, '7', '2023-07-12 17:09:15.370710', '2023-07-12 17:09:15.370710', 36, 1);
INSERT INTO comment (id, content, created_date, modified_date, feed_id, member_id) VALUES (12, '8', '2023-07-12 17:09:17.298476', '2023-07-12 17:09:17.298476', 36, 1);
INSERT INTO comment (id, content, created_date, modified_date, feed_id, member_id) VALUES (13, '9', '2023-07-12 17:09:20.162186', '2023-07-12 17:09:20.162186', 36, 1);
INSERT INTO comment (id, content, created_date, modified_date, feed_id, member_id) VALUES (14, '10', '2023-07-12 17:09:21.631744', '2023-07-12 17:09:21.631744', 36, 1);
INSERT INTO comment (id, content, created_date, modified_date, feed_id, member_id) VALUES (15, '11', '2023-07-12 17:09:23.889455', '2023-07-12 17:09:23.889455', 36, 1);
INSERT INTO comment (id, content, created_date, modified_date, feed_id, member_id) VALUES (16, '12', '2023-07-12 17:09:32.558831', '2023-07-12 17:09:32.558831', 36, 1);

insert into follow (from_member, to_member, created_date) values (1, 3, 20230519221726);
insert into follow (from_member, to_member, created_date) values (1, 2, 20230519221726);
insert into follow (from_member, to_member, created_date) values (1, 4, 20230519221726);
insert into follow (from_member, to_member, created_date) values (4, 1, 20230519221726);
insert into follow (from_member, to_member, created_date) values (2, 1, 20230519221726);
insert into follow (from_member, to_member, created_date) values (8, 1, 20230519221726);
insert into follow (from_member, to_member, created_date) values (8, 2, 20230519221726);
insert into follow (from_member, to_member, created_date) values (8, 3, 20230519221726);
insert into follow (from_member, to_member, created_date) values (8, 4, 20230519221726);
insert into follow (from_member, to_member, created_date) values (8, 5, 20230519221726);
insert into follow (from_member, to_member, created_date) values (8, 6, 20230519221726);

insert into likes (member_id, feed_id, created_date) values (1, 36, 20230519221726);
insert into likes (member_id, feed_id, created_date) values (2, 36, 20230519221726);
insert into likes (member_id, feed_id, created_date) values (1, 34, 20230519221726);
insert into likes (member_id, feed_id, created_date) values (3, 36, 20230519221726);
insert into likes (member_id, feed_id, created_date) values (2, 35, 20230519221726);
insert into likes (member_id, feed_id, created_date) values (3, 36, 20230519221726);
insert into likes (member_id, feed_id, created_date) values (1, 35, 20230519221726);
insert into likes (member_id, feed_id, created_date) values (3, 35, 20230519221726);
insert into likes (member_id, feed_id, created_date) values (4, 36, 20230519221726);

insert into question(title, content, member_id, created_date) values ('공가 사용에 대해 질문이 있습니다.', '한번에 공가를 몇개까지 사용할 수 있나요?', 2, 20230518091726);
insert into question(title, content, member_id, created_date) values ('도서 대출 관련 질문입니다.', '책 대여기간은 며칠인가요?', 1, 20230519231726);
insert into question(title, content, member_id, created_date) values ('독산 캠퍼스 운영시간이 궁금합니다.', '몇시까지 운영하나요?', 3, '2023-05-20 12:17:26');
insert into question(title, content, member_id, created_date) values ('이번 학기 강의 일정을 알려주세요.', '강의 시작일과 종료일을 알려주세요.', 4, '2023-05-21 10:23:15');
insert into question(title, content, member_id, created_date) values ('학사 일정 중 변경된 사항이 있나요?', '학사 일정 변경사항을 알려주세요.', 1, '2023-05-23 09:54:42');
insert into question(title, content, member_id, created_date) values ('도서관 개방 시간을 알려주세요.', '도서관 운영 시간이 어떻게 되나요?', 6, '2023-05-24 14:37:51');
insert into question(title, content, member_id, created_date) values ('졸업 요건이 어떻게 되나요?', '졸업을 위한 요건을 알려주세요.', 2, '2023-05-26 11:19:38');
insert into question(title, content, member_id, created_date) values ('급식 메뉴를 알려주세요.', '이번 주 급식 메뉴를 알 수 있을까요?', 5, '2023-05-28 15:44:57');
insert into question(title, content, member_id, created_date) values ('도서 대출 기간은 얼마인가요?', '도서를 얼마나 빌릴 수 있나요?', 3, '2023-05-30 12:07:03');
insert into question(title, content, member_id, created_date) values ('과외 정보를 알려주세요.', '학교에서 과외 서비스를 제공하나요?', 4, '2023-06-01 09:28:20');
insert into question(title, content, member_id, created_date) values ('수강신청 기간을 알려주세요.', '다음 학기 수강신청은 언제부터 가능한가요?', 1, '2023-06-03 13:51:39');
insert into question(title, content, member_id, created_date) values ('라이브러리 시설을 알려주세요.', '라이브러리에 어떤 시설이 있는지 알려주세요.', 6, '2023-06-05 10:34:48');
insert into question(title, content, member_id, created_date) values ('전공 변경 절차를 알려주세요.', '전공 변경을 하려면 어떤 절차가 필요한가요?', 2, '2023-06-07 15:08:57');
insert into question(title, content, member_id, created_date) values ('동아리 활동 방법을 알려주세요.', '학교에서 동아리에 가입하려면 어떻게 해야 하나요?', 5, '2023-06-09 11:47:01');
insert into question(title, content, member_id, created_date) values ('기숙사 신청 방법을 알려주세요.', '기숙사를 신청하려면 어떻게 해야 하나요?', 3, '2023-06-11 14:23:09');
insert into question(title, content, member_id, created_date) values ('장학금 신청 기간을 알려주세요.', '장학금 신청은 언제까지 가능한가요?', 4, '2023-06-13 10:59:18');
insert into question(title, content, member_id, created_date) values ('과목 등록 기간을 알려주세요.', '다음 학기 과목 등록은 언제부터 가능한가요?', 1, '2023-06-15 15:32:26');
insert into question(title, content, member_id, created_date) values ('캠퍼스 내 식당 정보를 알려주세요.', '캠퍼스 내에 어떤 식당이 있는지 알려주세요.', 6, '2023-06-17 12:04:34');
insert into question(title, content, member_id, created_date) values ('국제 교류 프로그램 안내를 받고 싶습니다.', '국제 교류 프로그램에 대한 안내를 받을 수 있을까요?', 2, '2023-06-19 14:39:43');
insert into question(title, content, member_id, created_date) values ('기숙사 생활에 대해 궁금합니다.', '기숙사 생활은 어떤 절차로 이루어지나요?', 5, '2023-06-21 11:22:51');
insert into question(title, content, member_id, created_date) values ('시험 일정을 알려주세요.', '기말고사 일정이 언제인지 알려주세요.', 3, '2023-06-23 15:57:59');
insert into question(title, content, member_id, created_date) values ('인턴십 프로그램을 알려주세요.', '인턴십 프로그램에 대한 정보를 알려주세요.', 4, '2023-06-25 12:30:07');
insert into question(title, content, member_id, created_date) values ('컴퓨터 실습실 이용 방법을 알려주세요.', '컴퓨터 실습실을 어떻게 이용하면 되나요?', 1, '2023-06-27 17:03:15');
insert into question(title, content, member_id, created_date) values ('캠퍼스 내 건물 구조를 알려주세요.', '캠퍼스 내 건물 구조에 대한 정보를 알려주세요.', 6, '2023-06-29 13:36:23');
insert into question(title, content, member_id, created_date) values ('차량 등록 방법을 알려주세요.', '차량을 등록하려면 어떤 절차가 필요한가요?', 2, '2023-07-01 16:09:31');
insert into question(title, content, member_id, created_date) values ('휴학 신청 방법을 알려주세요.', '휴학을 신청하려면 어떻게 해야 하나요?', 5, '2023-07-03 12:42:40');
insert into question(title, content, member_id, created_date) values ('국제 학생 지원 프로그램을 알려주세요.', '국제 학생을 위한 지원 프로그램에 대해 알고 싶습니다.', 3, '2023-07-05 15:15:48');
insert into question(title, content, member_id, created_date) values ('개발자 진로에 대해서 알려주세요.', '개발자 직군과 그 직군으로 취업하고 싶으면 어떻게 해야 하는지 알려주세요.', 7, '2023-07-06 16:15:46');

insert into answer(content, created_date, member_id, question_id) values ('10시입니다.', '2023-05-20 12:22:26', 1, 3);
insert into answer(content, created_date, member_id, question_id) values ('강의 시작일은 9월 1일이고 종료일은 12월 15일입니다.', '2023-05-22 11:39:27', 2, 4);
insert into answer(content, created_date, member_id, question_id) values ('학사 일정 변경사항은 현재 없습니다.', '2023-05-24 13:02:31', 3, 5);
insert into answer(content, created_date, member_id, question_id) values ('도서관은 평일 9시부터 18시까지 운영됩니다.', '2023-05-26 09:45:35', 4, 6);
insert into answer(content, created_date, member_id, question_id) values ('졸업 요건은 학점, 이수과목, 졸업논문 등을 포함합니다.', '2023-05-28 14:28:39', 5, 7);
insert into answer(content, created_date, member_id, question_id) values ('급식 메뉴는 식당 내 공지사항을 확인해주세요.', '2023-05-30 11:11:43', 6, 8);
insert into answer(content, created_date, member_id, question_id) values ('도서 대출 기간은 2주입니다.', '2023-06-01 13:54:47', 1, 9);
insert into answer(content, created_date, member_id, question_id) values ('학교에서는 과외 서비스를 제공하고 있지 않습니다.', '2023-06-03 10:37:52', 2, 10);
insert into answer(content, created_date, member_id, question_id) values ('다음 학기 수강신청은 7월 10일부터 가능합니다.', '2023-06-05 15:20:56', 3, 11);
insert into answer(content, created_date, member_id, question_id) values ('라이브러리에는 독서실, 스터디룸, 전자 자료실 등이 있습니다.', '2023-06-07 12:04:00', 4, 12);
insert into answer(content, created_date, member_id, question_id) values ('전공 변경 절차는 학사팀에서 안내해드릴 수 있습니다.', '2023-06-09 09:47:04', 5, 13);
insert into answer(content, created_date, member_id, question_id) values ('학교에서는 다양한 동아리 활동을 지원하고 있습니다.', '2023-06-11 14:30:08', 6, 14);
insert into answer(content, created_date, member_id, question_id) values ('기숙사 신청은 온라인으로 진행하시면 됩니다.', '2023-06-13 11:13:12', 1, 15);
insert into answer(content, created_date, member_id, question_id) values ('장학금 신청은 7월 15일까지 가능합니다.', '2023-06-15 15:56:17', 2, 16);
insert into answer(content, created_date, member_id, question_id) values ('다음 학기 과목 등록은 7월 20일부터 가능합니다.', '2023-06-17 12:39:21', 3, 17);
insert into answer(content, created_date, member_id, question_id) values ('캠퍼스 내에 식당이 여러 곳 있습니다. 식당별 운영시간은 공지사항을 확인해주세요.', '2023-06-19 10:22:25', 4, 18);
insert into answer(content, created_date, member_id, question_id) values ('국제 교류 프로그램 안내는 국제교육부에서 제공하고 있습니다.', '2023-06-21 14:05:29', 5, 19);
insert into answer(content, created_date, member_id, question_id) values ('기숙사 생활은 온라인으로 신청하면 됩니다.', '2023-06-23 10:48:33', 6, 20);
insert into answer(content, created_date, member_id, question_id) values ('시험 일정은 각 과목별로 공지될 예정입니다.', '2023-06-25 13:31:38', 1, 21);
insert into answer(content, created_date, member_id, question_id) values ('인턴십 프로그램은 학과별로 다를 수 있습니다. 학과 사무실에서 자세한 정보를 확인하세요.', '2023-06-27 10:14:42', 2, 22);
insert into answer(content, created_date, member_id, question_id) values ('컴퓨터 실습실은 학생증으로 출입이 가능하며, 사용 시간은 2시간으로 제한됩니다.', '2023-06-29 12:57:47', 3, 23);
insert into answer(content, created_date, member_id, question_id) values ('캠퍼스 내 건물 구조에 대한 정보는 홈페이지에서 확인하실 수 있습니다.', '2023-07-01 09:40:51', 4, 24);
insert into answer(content, created_date, member_id, question_id) values ('차량 등록은 교통부에서 신청하시면 됩니다.', '2023-07-03 13:23:56', 5, 25);
insert into answer(content, created_date, member_id, question_id) values ('휴학 신청은 학사팀에서 안내해드릴 수 있습니다.', '2023-07-05 10:07:00', 6, 26);
insert into answer(content, created_date, member_id, question_id) values ('국제 학생을 위한 지원 프로그램에 대한 안내는 국제교육부에서 제공하고 있습니다.', '2023-07-07 12:50:05', 1, 27);
insert into answer(content, created_date, member_id, question_id) values ('개발자 직군은 소프트웨어 개발과 관련된 직무입니다. 취업을 위해서는 프로그래밍 언어에 대한 기초 지식을 쌓고, 프로젝트 경험을 쌓는 것이 도움이 됩니다.', '2023-07-11 18:01:00', 1, 28);
insert into answer(content, created_date, member_id, question_id) values ('개발자로 취업하고 싶다면, 프로그래밍 언어를 학습하고 실제 프로젝트에 참여해보는 것이 좋습니다. 포트폴리오를 구성하고 관련 자격증을 취득하는 것도 도움이 됩니다.', '2023-07-11 18:02:00', 2, 28);
insert into answer(content, created_date, member_id, question_id) values ('개발자 직군은 컴퓨터와 소프트웨어에 대한 이해가 필요합니다. 코딩과 알고리즘에 대한 공부와 프로젝트 경험이 중요한 요소입니다.', '2023-07-11 18:03:00', 3, 28);
insert into answer(content, created_date, member_id, question_id) values ('개발자로 취업하고 싶다면, 프로그래밍 언어를 깊이 학습하고 실무 프로젝트나 개인 프로젝트를 진행해보는 것이 좋습니다. 또한, 꾸준한 학습과 성장을 위해 관련 동아리나 스터디에 참여하는 것도 좋은 방법입니다.', '2023-07-11 18:04:00', 4, 28);
insert into answer(content, created_date, member_id, question_id) values ('개발자 직군은 프로그래밍 언어와 소프트웨어 개발에 대한 이해가 필요합니다. 프로젝트 경험과 개인적인 학습이 중요한 요소입니다.', '2023-07-11 18:05:00', 5, 28);
insert into answer(content, created_date, member_id, question_id) values ('개발자로 취업하기 위해서는 프로그래밍 언어를 공부하고 실제 프로젝트에 참여해보는 것이 좋습니다. 또한, 코딩 테스트 준비와 자기소개서 작성을 통해 경쟁력을 갖출 수 있습니다.', '2023-07-11 18:06:00', 6, 28);
insert into answer(content, created_date, member_id, question_id) values ('개발자 직군은 소프트웨어 개발과 관련된 직무로, 프로그래밍 언어에 대한 이해와 실무 경험이 필요합니다. 개인 프로젝트나 오픈 소스 프로젝트에 참여하여 능력을 키워보세요.', '2023-07-11 18:07:00', 1, 28);
insert into answer(content, created_date, member_id, question_id) values ('개발자로 취업하기 위해서는 컴퓨터 공학에 대한 기초 지식과 프로그래밍 언어에 대한 실력이 필요합니다. 프로젝트 경험과 문제 해결 능력도 중요한 요소입니다.', '2023-07-11 18:08:00', 2, 28);
insert into answer(content, created_date, member_id, question_id) values ('개발자 직군은 소프트웨어 개발과 관련된 직무입니다. 프로그래밍 언어를 공부하고 실제 프로젝트에 참여해보세요. 개인의 성장과 관련 동아리나 학술 모임에 참여하는 것도 좋은 방법입니다.', '2023-07-11 18:09:00', 3, 28);
insert into answer(content, created_date, member_id, question_id) values ('개발자로 취업하고 싶다면, 프로그래밍 언어를 깊이 이해하고 관련 기술과 도구를 익히는 것이 중요합니다. 또한, 실제 프로젝트나 오픈 소스 기여를 통해 경험을 쌓는 것이 도움이 됩니다.', '2023-07-11 18:10:00', 4, 28);
insert into answer(content, created_date, member_id, question_id) values ('개발자 직군은 프로그래밍 언어와 소프트웨어 개발에 대한 이해가 필요합니다. 실제 프로젝트에 참여하고 자신의 아이디어를 구현해보세요.', '2023-07-11 18:11:00', 5, 28);
insert into answer(content, created_date, member_id, question_id) values ('개발자로 취업하기 위해서는 프로그래밍 언어를 학습하고 실제 프로젝트에 참여해보는 것이 중요합니다. 또한, 문제 해결 능력과 커뮤니케이션 능력도 함께 발전시키세요.', '2023-07-11 18:12:00', 6, 28);
insert into answer(content, created_date, member_id, question_id) values ('개발자 직군은 소프트웨어 개발과 관련된 직무입니다. 프로그래밍 언어를 학습하고 실제 프로젝트나 개인 프로젝트를 경험해보세요.', '2023-07-11 18:13:00', 1, 28);
insert into answer(content, created_date, member_id, question_id) values ('개발자로 취업하기 위해서는 프로그래밍 언어와 소프트웨어 개발에 대한 이해가 필요합니다. 프로젝트 경험과 자기주도적인 학습이 중요한 요소입니다.', '2023-07-11 18:14:00', 2, 28);
insert into answer(content, created_date, member_id, question_id) values ('개발자 직군은 컴퓨터와 소프트웨어에 대한 이해와 프로그래밍 능력이 필요합니다. 실제 프로젝트에 참여하고 문제 해결 능력을 키워보세요.', '2023-07-11 18:15:00', 3, 28);
insert into answer(content, created_date, member_id, question_id) values ('개발자로 취업하고 싶다면, 프로그래밍 언어를 깊이 학습하고 실무 경험을 쌓는 것이 중요합니다. 또한, 코딩 테스트를 준비하고 개인의 성장을 위해 꾸준한 노력을 기울이세요.', '2023-07-11 18:16:00', 4, 28);
insert into answer(content, created_date, member_id, question_id) values ('개발자 직군은 소프트웨어 개발과 관련된 직무입니다. 프로그래밍 언어와 알고리즘에 대한 이해와 능력을 키워보세요.', '2023-07-11 18:17:00', 5, 28);
insert into answer(content, created_date, member_id, question_id) values ('개발자로 취업하기 위해서는 프로그래밍 언어를 학습하고 실제 프로젝트에 참여해보는 것이 좋습니다. 또한, 문제 해결 능력과 커뮤니케이션 능력도 함께 발전시켜야 합니다.', '2023-07-11 18:18:00', 6, 28);
insert into answer(content, created_date, member_id, question_id) values ('개발자 직군은 소프트웨어 개발과 관련된 직무입니다. 프로그래밍 언어를 학습하고 실제 프로젝트에 참여해보세요.', '2023-07-11 18:19:00', 1, 28);
insert into answer(content, created_date, member_id, question_id) values ('개발자로 취업하고 싶다면, 컴퓨터 공학에 대한 기초 지식과 프로그래밍 언어에 대한 실력이 필요합니다. 관련 분야의 책이나 온라인 강의를 활용하여 학습해보세요.', '2023-07-11 18:20:00', 2, 28);
insert into answer(content, created_date, member_id, question_id) values ('개발자 직군은 소프트웨어 개발과 관련된 직무입니다. 프로그래밍 언어와 알고리즘에 대한 이해와 능력을 키워보세요.', '2023-07-11 18:21:00', 3, 28);
insert into answer(content, created_date, member_id, question_id) values ('개발자로 취업하기 위해서는 실제 프로젝트 경험이 중요합니다. 개인 프로젝트나 오픈 소스 프로젝트에 참여하여 실무 능력을 키워보세요.', '2023-07-11 18:22:00', 4, 28);
insert into answer(content, created_date, member_id, question_id) values ('개발자 직군은 소프트웨어 개발과 관련된 직무입니다. 프로그래밍 언어와 컴퓨터 공학에 대한 이해를 키워보세요.', '2023-07-11 18:23:00', 5, 28);
insert into answer(content, created_date, member_id, question_id) values ('개발자로 취업하기 위해서는 프로그래밍 언어를 학습하고 실제 프로젝트에 참여해보세요. 문제 해결 능력과 커뮤니케이션 능력도 함께 키워야 합니다.', '2023-07-11 18:24:00', 6, 28);
insert into answer(content, created_date, member_id, question_id) values ('개발자 직군은 소프트웨어 개발과 관련된 직무입니다. 프로그래밍 언어를 학습하고 실제 프로젝트에 참여해보세요.', '2023-07-11 18:25:00', 1, 28);
insert into answer(content, created_date, member_id, question_id) values ('개발자로 취업하고 싶다면, 프로그래밍 언어를 깊이 학습하고 실무 경험을 쌓는 것이 중요합니다. 코딩 테스트를 준비하고 문제 해결 능력을 키워보세요.', '2023-07-11 18:26:00', 2, 28);
insert into answer(content, created_date, member_id, question_id) values ('개발자 직군은 컴퓨터와 소프트웨어에 대한 이해와 프로그래밍 능력이 필요합니다. 실제 프로젝트에 참여하고 자신의 아이디어를 구현해보세요.', '2023-07-11 18:27:00', 3, 28);
insert into answer(content, created_date, member_id, question_id) values ('개발자로 취업하기 위해서는 프로그래밍 언어를 깊이 학습하고 실무 프로젝트나 개인 프로젝트를 진행해보세요. 또한, 코딩 테스트 준비와 자기소개서 작성을 통해 경쟁력을 갖출 수 있습니다.', '2023-07-11 18:28:00', 4, 28);
insert into answer(content, created_date, member_id, question_id) values ('개발자 직군은 소프트웨어 개발과 관련된 직무입니다. 프로그래밍 언어와 알고리즘에 대한 이해와 능력을 키워보세요.', '2023-07-11 18:29:00', 5, 28);
insert into answer(content, created_date, member_id, question_id) values ('개발자로 취업하기 위해서는 프로그래밍 언어를 학습하고 실제 프로젝트에 참여해보세요. 또한, 문제 해결 능력과 커뮤니케이션 능력도 함께 발전시켜야 합니다.', '2023-07-11 18:30:00', 6, 28);